{
    "$schema": "http://json-schema.org/draft-07/schema#",
    "description": "Schema definition for dex helm chart values",
    "type": "object",
    "properties": {
        "dex": {
            "description": "Configuration properties for the dex component",
            "type": "object",
            "properties": {
                "expiry": {
                    "description": "Defining the expiry properties.",
                    "type": "object",
                    "properties": {
                        "signingKeys": {
                            "description": "Specifies the period of time after which the public key validating the token to the Console expires.",
                            "default": "720h",
                            "type": "string"
                        },
                        "idTokens": {
                            "description": "Specifies the period of time after which the token to the Console expires.",
                            "default": "8h",
                            "type": "string"
                        }
                    }
                }
            }
        }
    }
}
